,city,lat,temp_max,lon,country,clouds,wind speed,humidity
0,Bousso,10.48,92.64,16.71,TD,87,5.61,25
1,Hasaki,35.73,59.0,140.83,JP,20,5.82,82
2,Longyearbyen,78.22,35.6,15.64,SJ,90,21.92,80
3,Khani,41.96,60.8,42.96,GE,17,25.28,51
4,Albany,42.6,59.0,-73.97,US,100,1.99,39
5,Felanitx,39.47,60.8,3.15,ES,0,4.7,87
6,Lorengau,-2.02,82.53,147.27,PG,100,3.56,77
7,Majene,-3.54,78.17,118.97,ID,91,5.06,83
8,Hwange,-18.37,66.9,26.5,ZW,22,2.19,49
9,New Norfolk,-42.78,51.01,147.06,AU,100,3.56,92
10,Kibala,9.11,89.6,18.35,TD,58,3.74,49
11,San Carlos,9.66,85.89,-68.58,VE,90,2.15,57
12,Hermanus,-34.42,63.27,19.23,ZA,50,6.46,61
13,Ushuaia,-54.8,53.6,-68.3,AR,40,11.41,46
14,Barrow,71.29,-2.2,-156.79,US,1,9.17,77
15,‘Ewa Beach,21.32,78.8,-158.01,US,75,17.22,57
16,Hilo,19.73,82.4,-155.09,US,75,13.87,54
17,Balkanabat,39.51,67.46,54.37,TM,74,3.31,42
18,Khatanga,71.97,6.78,102.5,RU,23,7.29,95
19,East London,-33.02,62.06,27.91,ZA,16,7.25,71
20,San Cristobal,7.77,87.8,-72.22,VE,40,12.75,55
21,Clyde River,70.47,23.0,-68.59,CA,40,13.87,53
22,Kumul,42.8,70.99,93.45,CN,4,5.01,15
23,Butaritari,3.07,82.96,172.79,KI,100,14.25,80
24,Port Lincoln,-34.73,53.69,135.87,AU,32,19.06,68
25,Whitianga,-36.83,62.24,175.7,NZ,13,2.91,65
26,Natal,-5.79,78.8,-35.21,BR,75,9.17,88
27,Qaanaaq,77.48,16.16,-69.36,GL,100,6.64,89
28,Buenaventura,3.88,80.89,-77.03,CO,34,5.32,84
29,Ikalamavony,-21.15,64.2,46.58,MG,13,5.01,65
30,Mbini,1.57,80.6,9.61,GQ,40,5.82,100
31,Fairbanks,64.84,39.2,-147.72,US,1,8.05,44
32,Portland,45.52,73.0,-122.68,US,90,6.93,46
33,Port Elizabeth,-33.92,57.96,25.57,ZA,0,6.11,81
34,Bengkulu,-3.8,76.91,102.27,ID,100,5.01,81
35,Vaini,-21.2,80.6,-175.2,TO,75,12.75,69
36,Hong Kong,22.29,73.0,114.16,HK,21,3.0,60
37,Tāndā,26.55,81.5,82.65,IN,0,4.14,38
38,Gobabis,-22.45,59.0,18.97,NA,0,1.12,58
39,Puerto del Rosario,28.5,68.0,-13.86,ES,40,13.87,64
40,Korla,41.76,73.83,86.15,CN,29,11.52,14
41,Bahía Honda,22.9,86.47,-83.16,CU,2,8.32,52
42,Chui,-33.7,60.53,-53.46,UY,0,12.86,65
43,Atuona,-9.8,82.09,-139.03,PF,6,19.57,77
44,Cherskiy,68.75,24.19,161.3,RU,100,7.02,97
45,Pyinmana,19.73,75.13,96.22,MM,16,2.71,81
46,Rikitea,-23.12,79.57,-134.97,PF,60,14.76,81
47,Araouane,18.9,92.84,-3.53,ML,3,7.67,12
48,Castro,-24.79,61.39,-50.01,BR,12,2.8,56
49,Manokwari,-0.87,79.86,134.08,ID,100,3.53,81
50,Busselton,-33.65,48.0,115.33,AU,0,12.73,48
51,Husavik,66.04,41.0,-17.34,IS,20,26.4,75
52,Atambua,-9.11,70.39,124.89,ID,40,4.45,78
53,Bouca,6.51,74.14,18.27,CF,84,4.43,79
54,Yellowknife,62.46,53.6,-114.35,CA,40,10.29,34
55,Red Wing,44.56,60.8,-92.53,US,75,14.99,44
56,Perth,-31.93,53.01,115.83,AU,0,14.99,57
57,Constantine,36.37,55.4,6.61,DZ,40,2.24,82
58,Broken Hill,-31.95,46.4,141.43,AU,90,14.99,87
59,Ilulissat,69.22,28.4,-51.1,GL,0,10.29,63
60,Cedar City,37.68,80.6,-113.06,US,1,4.7,21
61,Hobyo,5.35,85.19,48.53,SO,61,18.34,75
62,Bambanglipuro,-7.95,78.82,110.28,ID,100,8.39,83
63,Bethel,41.37,50.0,-73.41,US,90,11.41,61
64,Kapaa,22.08,77.0,-159.32,US,40,19.46,94
65,Carnarvon,-24.87,69.8,113.63,AU,87,11.41,28
66,Airai,-8.93,56.86,125.41,TL,86,2.66,67
67,São Filipe,14.9,75.87,-24.5,CV,32,13.35,65
68,Dickinson,29.46,82.99,-95.05,US,40,17.22,28
69,Punta Arenas,-53.15,42.8,-70.92,CL,90,1.12,93
70,Mataura,-46.19,52.48,168.86,NZ,100,6.87,60
71,Kutum,14.2,76.89,24.67,SD,0,10.76,12
72,Iqaluit,63.75,28.4,-68.51,CA,90,14.99,92
73,Tiksi,71.69,14.25,128.87,RU,100,9.57,96
74,Cape Town,-33.93,57.2,18.42,ZA,26,1.12,71
75,Bydgoszcz,53.12,45.0,18.01,PL,75,9.17,75
76,Kautokeino,69.01,14.07,23.04,NO,67,2.13,94
77,Mar del Plata,-38.0,62.01,-57.56,AR,40,18.34,67
78,Cayenne,4.93,77.0,-52.33,GF,75,3.36,100
79,Southbridge,42.08,55.0,-72.03,US,88,1.99,39
80,Tupaciguara,-18.59,71.6,-48.7,BR,52,4.7,56
81,Tūkrah,32.53,66.51,20.58,LY,87,8.28,57
82,Kingisepp,59.37,29.75,28.61,RU,5,3.13,98
83,Batagay-Alyta,67.8,15.8,130.41,RU,99,6.2,89
84,Makakilo City,21.35,78.8,-158.09,US,75,14.99,65
85,Corner Brook,48.97,46.4,-57.95,CA,20,6.93,36
86,Asilah,35.47,57.2,-6.03,MA,31,1.12,82
87,Namatanai,-3.67,82.35,152.43,PG,89,4.83,76
88,College,64.86,39.2,-147.8,US,20,16.11,38
89,Pārsābād,39.65,48.2,47.92,IR,28,4.7,87
90,Saint-Pierre,-21.34,73.4,55.48,RE,90,6.93,69
91,Lebu,-37.62,55.24,-73.65,CL,65,7.18,81
92,Port Hardy,50.7,48.2,-127.42,CA,90,3.36,93
93,Nālūt,30.33,76.19,10.85,LY,0,6.55,19
94,Geraldton,-28.77,59.0,114.6,AU,100,14.99,42
95,Upernavik,72.79,21.61,-56.15,GL,40,6.78,82
96,La Ronge,55.1,66.2,-105.28,CA,75,12.75,24
97,Dandong,40.13,49.82,124.39,CN,52,8.46,68
98,São José da Coroa Grande,-8.9,78.37,-35.15,BR,26,7.87,82
99,Tasiilaq,65.61,37.4,-37.64,GL,0,23.04,69
100,Piet Retief,-27.01,47.93,30.81,ZA,12,3.09,56
101,Jamestown,42.1,66.0,-79.24,US,90,14.99,48
102,Uglovoye,44.82,50.14,33.6,UA,0,6.31,65
103,Nikolskoye,59.7,33.01,30.79,RU,76,4.47,97
104,Codrington,-38.27,51.39,141.97,AU,84,15.21,77
105,Hithadhoo,-0.6,84.72,73.08,MV,83,9.6,75
106,Chu,43.6,60.01,73.76,KZ,100,10.0,40
107,Mahébourg,-20.41,71.6,57.7,MU,75,16.11,88
108,Poum,-20.23,78.58,164.02,NC,0,14.23,74
109,Lázaro Cárdenas,17.96,84.24,-102.2,MX,32,10.74,54
110,Izhma,65.01,31.14,53.91,RU,93,4.07,97
111,Tual,-5.67,82.26,132.75,ID,100,16.06,80
112,Hobart,-42.88,51.8,147.33,AU,75,4.7,87
113,Nantucket,41.28,48.2,-70.1,US,1,11.41,61
114,Marand,38.43,53.6,45.77,IR,75,13.87,58
115,Half Moon Bay,37.46,73.0,-122.43,US,90,8.05,93
116,Klaksvík,62.23,35.6,-6.59,FO,38,1.12,80
117,Thompson,55.74,55.4,-97.86,CA,40,8.05,32
118,Lavrentiya,65.58,23.58,-171.0,RU,65,0.85,95
119,Bredasdorp,-34.53,55.4,20.04,ZA,61,6.93,66
120,Arraial do Cabo,-22.97,75.2,-42.03,BR,0,13.87,78
121,Tsimmerbude,54.67,41.0,20.13,RU,93,2.24,80
122,Puerto Ayora,-0.74,86.0,-90.35,EC,20,19.46,62
123,Bluff,-46.6,54.12,168.33,NZ,100,18.39,69
124,Mahon,39.89,59.0,4.27,ES,0,8.05,82
125,Hay River,60.82,55.4,-115.8,CA,20,13.87,37
126,Ribeira Grande,38.52,64.27,-28.7,PT,93,19.62,92
127,Makokou,0.57,72.7,12.86,GA,27,1.99,82
128,Avarua,-21.21,78.8,-159.78,CK,28,9.17,74
129,Qaqortoq,60.72,48.2,-46.03,GL,0,8.05,26
130,Khandyga,62.67,31.03,135.6,RU,100,14.16,94
131,Saskylakh,71.92,17.13,114.08,RU,100,6.58,96
132,Port Alfred,-33.59,57.99,26.89,ZA,0,4.0,86
133,Barcelos,41.54,57.2,-8.62,PT,75,8.05,82
134,Riyadh,24.69,87.8,46.72,SA,40,8.05,29
135,Honiara,-9.43,80.6,159.95,SB,20,2.24,83
136,Kudahuvadhoo,2.67,84.38,72.89,MV,19,7.76,73
137,Kastamonu Province,41.5,45.43,33.67,TR,7,0.25,52
138,Pilar,-9.6,77.0,-35.96,BR,20,5.82,88
139,Bambous Virieux,-20.34,75.99,57.76,MU,75,16.11,88
140,Barra do Garças,-15.89,72.19,-52.26,BR,0,1.43,65
141,Belyy Yar,53.6,62.6,91.39,RU,100,8.95,55
142,Dneprovskaya,45.62,48.99,38.81,RU,0,1.43,72
143,Burnie,-41.07,46.0,145.92,AU,93,4.0,91
144,Tarsus,36.92,64.4,34.88,TR,40,2.59,93
145,Severo-Kuril'sk,50.68,32.25,156.12,RU,61,10.8,91
146,Tunceli,39.11,53.6,39.55,TR,30,8.05,66
147,George Town,5.41,80.6,100.34,MY,20,3.29,100
148,Pacific Grove,36.62,63.0,-121.92,US,75,8.05,72
149,Tena,-0.98,84.2,-77.82,EC,20,6.93,66
150,Praia da Vitória,38.73,64.4,-27.07,PT,40,15.97,72
151,Guozhen,34.37,64.4,107.36,CN,95,2.8,38
152,Altamira,-3.2,82.4,-52.21,BR,40,2.06,83
153,Rawson,-43.3,57.02,-65.1,AR,44,7.83,68
154,Ballina,-28.87,68.0,153.57,AU,99,1.12,93
155,Kpandu,7.0,77.47,0.29,GH,92,7.65,81
156,Mosetse,-20.75,65.77,26.65,BW,31,2.73,41
157,Saint Anthony,45.02,62.01,-93.22,US,1,14.99,41
158,Manggar,-2.88,78.93,108.27,ID,55,2.04,83
159,Muzhi,65.37,22.23,64.67,RU,100,21.39,97
160,Hunterville,-39.93,61.0,175.57,NZ,1,5.99,68
161,Taltal,-25.4,63.7,-70.48,CL,65,3.96,76
162,Bloemfontein,-29.12,51.8,26.21,ZA,0,8.05,81
163,Viradouro,-20.87,77.0,-48.3,BR,36,3.36,47
164,Shimoda,34.67,60.01,138.95,JP,0,5.86,65
165,Paamiut,61.99,36.82,-49.67,GL,0,25.52,78
166,Saint-François,46.42,55.4,3.91,FR,100,5.82,76
167,Boden,65.83,32.0,21.69,SE,56,2.24,96
168,Chokurdakh,70.63,14.27,147.92,RU,98,2.3,95
169,Boundiali,9.52,79.3,-6.49,CI,100,8.68,48
170,Isangel,-19.55,82.4,169.27,VU,75,14.56,78
171,Kalmunai,7.42,81.88,81.82,LK,94,1.5,78
172,Kavieng,-2.57,78.58,150.8,PG,100,7.43,90
173,Talnakh,69.49,14.0,88.4,RU,90,17.9,92
174,Hambantota,6.12,80.87,81.12,LK,69,7.25,83
175,Roald,62.58,45.0,6.13,NO,71,8.05,87
176,Grindavik,63.84,42.8,-22.43,IS,18,16.11,75
177,Aldan,58.6,27.5,125.39,RU,98,3.47,82
178,Havre-St-Pierre,50.23,50.0,-63.6,CA,1,10.29,37
179,Lagoa,39.05,63.3,-27.98,PT,79,27.42,92
180,Joshīmath,30.57,50.31,79.57,IN,22,5.59,20
181,Ciudad Bolivar,8.12,96.85,-63.55,VE,21,8.66,18
182,Vostok,46.49,47.61,135.88,RU,18,6.85,44
183,Norman Wells,65.28,21.2,-126.83,CA,90,20.8,85
184,Faya,18.39,68.0,42.45,SA,75,4.09,77
185,Jiaozuo,35.24,70.84,113.23,CN,48,4.94,36
186,Aragarças,-15.9,72.14,-52.25,BR,0,1.43,64
187,Leningradskiy,69.38,23.77,178.42,RU,11,3.49,90
188,Narsaq,60.92,44.6,-46.05,GL,0,6.93,39
189,Pitimbu,-7.47,82.4,-34.81,BR,20,8.05,78
190,Morón,-34.65,66.99,-58.62,AR,0,7.4,100
191,Arman',59.7,29.21,150.17,RU,86,3.49,94
192,Vardø,70.37,26.6,31.11,NO,75,11.41,73
193,Gurupá,-1.41,77.43,-51.64,BR,100,2.28,93
194,Saint-Philippe,-21.36,73.4,55.77,RE,90,6.93,69
195,Tautira,-17.73,86.0,-149.15,PF,72,11.41,79
196,Aksarayskiy,46.79,50.0,48.01,RU,0,4.47,71
197,Esperance,-33.87,53.6,121.9,AU,90,3.36,66
198,Yoichi,43.2,41.0,140.77,JP,20,5.82,86
199,Ponta do Sol,32.67,66.2,-17.1,PT,75,4.7,72
200,Ardmore,34.17,73.4,-97.14,US,1,16.11,26
201,Letlhakane,-21.42,62.6,25.58,BW,2,8.48,22
202,Tegul'det,57.31,50.92,88.17,RU,100,14.63,81
203,Provideniya,64.38,23.0,-173.3,RU,90,8.95,79
204,Qingyuan,23.7,78.01,113.03,CN,84,4.47,78
205,Kirkwall,58.98,44.01,-2.96,GB,8,11.41,81
206,Kieta,-6.22,84.65,155.63,PG,63,3.4,68
207,Moissac,44.1,61.0,1.09,FR,100,8.05,87
208,Galeana,24.83,77.0,-100.07,MX,50,11.01,32
209,Rome,43.21,62.6,-75.46,US,75,21.92,42
210,Lewisporte,49.25,39.99,-55.05,CA,90,21.92,69
211,Cidreira,-30.18,68.95,-50.21,BR,56,5.59,79
212,Kassala,15.45,83.3,36.4,SD,100,12.46,14
213,Balakhninskiy,58.01,39.7,114.28,RU,100,2.46,76
214,Forsytheganj,52.63,44.89,29.73,BY,99,8.28,86
215,Los Llanos de Aridane,28.66,66.2,-17.92,ES,20,8.05,72
216,Sunrise Manor,36.21,96.8,-115.07,US,1,5.82,12
217,São João da Barra,-21.64,75.2,-41.05,BR,29,6.93,78
218,Porto Empedocle,37.29,55.99,13.53,IT,0,1.99,100
219,Hervey Bay,-25.3,69.01,152.85,AU,100,5.99,85
220,Cabinda,-5.55,78.6,12.2,AO,90,5.21,90
221,Hirara,24.8,68.0,125.28,JP,40,5.82,88
222,Skjervøy,70.03,30.11,20.97,NO,0,16.42,90
223,Aseri,59.45,34.75,26.87,EE,0,6.49,86
224,Walvis Bay,-22.96,55.4,14.51,NA,0,3.36,87
225,Wanaka,-44.7,50.09,169.15,NZ,100,6.85,53
226,Ixtapa,20.7,84.2,-105.2,MX,5,11.41,54
227,Kaeo,-35.1,63.0,173.78,NZ,97,9.42,90
228,Conceição do Araguaia,-8.26,86.0,-49.26,BR,40,3.36,62
229,Pisco,-13.7,75.2,-76.22,PE,0,4.7,57
230,Ancud,-41.87,55.99,-73.82,CL,75,9.17,93
231,Port Moresby,-9.44,78.96,147.18,PG,80,3.6,84
232,Ürümqi,43.8,66.2,87.6,CN,0,6.71,52
233,Muhos,64.81,32.0,25.99,FI,26,5.82,97
234,Ambilobe,-13.2,71.92,49.05,MG,55,4.68,87
235,Dikson,73.51,19.29,80.55,RU,100,5.48,95
236,Saint George,37.1,93.0,-113.58,US,1,0.38,14
237,Manche,49.0,48.0,-1.17,FR,100,5.01,47
238,Rosarito,32.33,73.0,-117.03,MX,1,5.82,68
239,Sijunjung,-0.69,72.36,100.95,ID,100,1.52,87
240,Moose Factory,51.26,50.0,-80.61,CA,1,11.41,37
241,Laas,46.62,41.0,10.7,IT,40,3.36,75
242,Bandarbeyla,9.49,83.44,50.81,SO,90,14.12,80
243,Alice Springs,-23.7,53.6,133.88,AU,10,11.41,46
244,Juiz de Fora,-21.76,64.4,-43.35,BR,20,3.36,68
245,Mil'kovo,54.72,36.09,158.62,RU,2,3.31,68
246,Tommot,58.96,30.6,126.29,RU,67,5.82,85
247,Itapora,-22.08,77.36,-54.79,BR,100,5.99,49
248,Barabai,-2.58,73.67,115.38,ID,33,1.72,94
249,Nanortalik,60.14,36.18,-45.24,GL,0,9.35,83
250,Mildura,-34.2,48.2,142.15,AU,90,6.93,100
251,Petatlán,17.52,87.8,-101.27,MX,40,11.41,55
252,Weihai,37.5,55.06,122.11,CN,0,16.71,88
253,Petropavlovsk-Kamchatskiy,53.05,41.0,158.65,RU,0,17.9,38
254,Port-Cartier,50.03,46.4,-66.87,CA,20,5.82,45
255,Ulladulla,-35.35,55.99,150.47,AU,75,4.7,93
256,Pangnirtung,66.15,24.8,-65.71,CA,20,4.7,62
257,Ahipara,-35.17,63.43,173.17,NZ,44,8.1,66
258,Oskarshamn,57.26,35.01,16.45,SE,95,2.24,81
259,Yangi Marg`ilon,40.43,60.8,71.72,UZ,90,11.41,67
260,Bilma,18.69,88.47,12.92,NE,0,2.21,11
261,Altay,47.87,58.42,88.12,CN,71,3.4,42
262,Nivala,63.92,28.99,24.97,FI,75,1.01,75
263,Scarborough,54.28,48.0,-0.4,GB,100,6.8,94
264,Puerto Suárez,-18.95,84.2,-57.8,BO,75,3.36,58
265,Karratha,-20.74,75.34,116.85,AU,33,18.99,27
266,Price,39.6,75.2,-110.81,US,1,4.7,16
267,Sitka,57.05,42.8,-135.33,US,90,12.75,87
268,Coquimbo,-29.95,60.8,-71.34,CL,40,11.41,82
269,Nagornyy,52.8,57.2,83.55,RU,99,13.42,62
270,Tuatapere,-46.13,55.06,167.68,NZ,100,10.47,68
271,Ust-Nera,64.57,25.29,143.2,RU,84,6.13,89
272,Beloha,-25.17,71.64,45.05,MG,14,4.47,76
273,Kharp,66.8,17.65,65.81,RU,86,14.25,92
274,Necochea,-38.55,57.99,-58.74,AR,68,11.99,87
275,Pevek,69.7,18.68,170.31,RU,61,14.97,92
276,Bariadi,-2.8,64.42,33.98,TZ,10,4.76,64
277,Scottsboro,34.67,62.6,-86.03,US,90,9.17,100
278,Saldanha,-33.01,55.4,17.94,ZA,1,4.7,58
279,Athabasca,54.72,65.5,-113.29,CA,7,9.01,24
280,Neftegorsk,52.8,51.06,51.17,RU,100,22.68,53
281,Lufilufi,-13.87,84.2,-171.6,WS,75,10.29,79
282,Sisimiut,66.94,35.51,-53.67,GL,0,7.29,77
283,Berlevåg,70.86,23.0,29.09,NO,54,11.41,67
284,San Patricio,19.22,82.4,-104.7,MX,5,17.22,74
285,Katobu,-4.94,74.03,122.53,ID,100,1.81,84
286,Chake Chake,-5.25,77.13,39.77,TZ,100,8.46,91
287,Maniitsoq,65.42,34.74,-52.9,GL,0,6.38,83
288,Langarūd,37.2,55.4,50.15,IR,90,2.24,100
289,Nouadhibou,20.93,68.0,-17.03,MR,69,16.11,72
290,Weligama,5.97,79.12,80.42,LK,100,1.34,84
291,Itarema,-2.92,78.96,-39.92,BR,100,8.9,84
292,Aligoodarz,33.4,48.96,49.69,IR,91,1.21,41
293,Bud,39.45,59.0,-86.18,US,90,8.05,67
294,Halden,59.12,42.8,11.39,NO,100,11.41,45
295,Mackenzie,55.3,51.8,-123.17,CA,1,4.7,37
296,Yerbogachën,61.28,32.27,108.01,RU,100,6.98,84
297,Padang,-0.95,76.96,100.35,ID,100,5.88,87
298,Bitung,1.45,75.2,125.18,ID,20,1.41,88
299,Saint Paul Harbor,57.79,50.0,-152.41,US,1,9.17,46
300,Erzin,36.96,64.0,36.2,TR,78,1.5,89
301,Iowa City,41.66,55.4,-91.53,US,90,17.22,62
302,Licata,37.11,55.99,13.95,IT,0,2.24,93
303,Jaroměř,50.36,53.01,15.92,CZ,95,2.64,88
304,Ladan,50.52,51.1,32.58,UA,44,11.88,74
305,Istok,42.78,59.0,20.49,XK,40,18.34,54
306,Esim,4.87,80.35,-2.24,GH,86,7.29,81
307,San Luis,-33.3,62.01,-66.34,AR,0,5.7,40
308,Mayo,38.89,72.0,-76.51,US,1,5.82,77
309,Iquitos,-3.75,87.8,-73.25,PE,40,4.7,66
310,Lompoc,34.64,63.0,-120.46,US,75,12.75,82
311,Asău,46.43,53.01,26.4,RO,88,5.1,77
312,Salinópolis,-0.61,80.02,-47.36,BR,99,11.41,85
313,Henties Bay,-22.12,65.75,14.28,NA,0,5.61,70
314,Coruripe,-10.13,77.61,-36.18,BR,100,7.61,83
315,Laguna,38.42,77.0,-121.42,US,1,10.29,47
316,Jiangyou,31.77,66.04,104.72,CN,100,3.49,43
317,Xiuyan,40.29,49.41,123.27,CN,99,8.3,84
318,Salta,-24.79,62.6,-65.41,AR,85,6.93,63
319,Jacareacanga,-6.22,77.45,-57.75,BR,95,2.42,93
320,Shakawe,-18.37,67.17,21.85,BW,12,1.52,36
321,Melo,-32.37,58.01,-54.18,UY,0,9.4,63
322,Brae,60.4,44.6,-1.35,GB,62,12.75,81
323,St. George's,12.06,84.2,-61.75,GD,40,11.41,70
324,Mehamn,71.04,23.0,27.85,NO,0,11.41,67
325,Okhotsk,59.38,29.75,143.3,RU,100,12.53,96
326,Coyhaique,-45.58,53.6,-72.07,CL,90,2.24,81
327,Mossamedes,-15.2,76.01,12.15,AO,0,5.93,61
328,Sioux Lookout,50.1,50.0,-91.92,CA,20,9.17,53
329,Launceston,-41.45,48.99,147.17,AU,75,5.82,93
330,Novo Selo,41.41,55.0,22.88,MK,73,2.37,86
331,Kubuta,-26.88,60.8,31.48,SZ,95,1.12,93
332,La Asuncion,11.03,79.39,-63.86,VE,61,16.55,79
333,Saint-Lô,49.12,50.0,-1.09,FR,75,11.41,87
334,Acapulco de Juárez,16.86,84.2,-99.89,MX,5,11.41,70
335,Saravan,39.72,55.4,45.65,AM,20,9.17,58
336,New Castle,41.0,72.0,-80.35,US,1,12.75,43
337,Fortuna,40.6,64.99,-124.16,US,90,11.41,87
338,Cockburn Town,21.46,78.85,-71.14,TC,0,19.62,82
339,Huron,41.15,61.0,-82.55,US,100,8.01,81
340,Miandrivazo,-19.52,77.22,45.47,MG,0,0.92,79
341,Srednekolymsk,67.45,22.66,153.68,RU,79,4.76,96
342,Pangai,-19.8,75.2,-174.35,TO,90,18.34,94
343,Kendari,-3.94,74.68,122.5,ID,100,3.38,89
344,Port Blair,11.67,82.98,92.75,IN,94,2.51,77
345,Mount Gambier,-37.83,48.2,140.77,AU,75,10.29,93
346,Zabid,14.2,90.9,43.32,YE,37,7.78,53
347,Homer,59.64,46.4,-151.55,US,1,13.87,61
348,São Sepé,-30.16,73.4,-53.57,BR,0,2.24,46
349,Felipe Carrillo Puerto,19.58,92.16,-88.05,MX,65,8.88,42
350,Sainthia,23.95,79.36,87.67,IN,62,6.29,69
351,Chanika,-5.42,68.76,38.02,TZ,100,5.3,82
352,Macamic,48.75,48.2,-79.0,CA,90,14.99,57
353,Tuktoyaktuk,69.45,-0.4,-133.04,CA,75,9.17,77
354,Pelhřimov,49.43,48.99,15.22,CZ,86,10.09,88
355,Dalvik,65.97,37.4,-18.53,IS,75,26.4,86
356,Aklavik,68.22,12.2,-135.01,CA,20,8.05,56
357,Choya,52.01,57.52,86.55,RU,100,3.02,83
358,Iskateley,67.68,20.98,53.15,RU,99,14.56,97
359,Kidal,18.44,91.92,1.41,ML,43,13.27,9
360,Puerto Escondido,15.85,84.2,-97.07,MX,5,14.99,70
361,Acaraú,-2.89,79.27,-40.12,BR,100,9.46,84
362,Marsh Harbour,26.54,75.43,-77.06,BS,52,19.86,79
363,Kahului,20.89,82.4,-156.47,US,20,21.92,54
364,Inhambane,-23.86,72.09,35.38,MZ,16,6.06,83
365,Vestmannaeyjar,63.44,45.12,-20.27,IS,0,12.28,64
366,Chara,56.91,37.83,118.26,RU,77,1.66,60
367,Ketchikan,55.34,51.8,-131.65,US,40,12.75,76
368,Los Andes,-32.83,72.0,-70.6,CL,0,1.01,45
369,Nuevo Progreso,23.17,84.0,-97.95,MX,0,8.01,83
370,Kamenka,51.32,52.0,42.77,RU,89,7.0,52
371,Vikulovo,56.82,48.38,70.61,RU,37,10.51,71
372,Gurupi,-11.73,74.66,-49.07,BR,20,5.82,80
373,Dudinka,69.41,14.0,86.18,RU,90,17.9,92
374,El Tigre,8.89,93.31,-64.25,VE,65,8.19,16
375,Ullapool,57.9,46.0,-5.16,GB,98,7.0,65
376,Zaysan,47.47,58.77,84.87,KZ,100,6.2,51
377,São Félix do Xingu,-6.64,75.38,-51.99,BR,14,2.3,88
378,Peace River,56.25,60.8,-117.29,CA,20,24.16,19
379,Karwar,14.8,80.56,74.13,IN,95,3.47,83
380,Olden,61.84,39.2,6.81,NO,40,16.11,75
381,Deshnok,27.8,89.78,73.34,IN,10,10.25,16
382,Khasan,42.43,46.63,130.64,RU,96,4.43,81
383,Hokitika,-42.72,51.93,170.97,NZ,100,1.68,62
384,Hope,33.67,75.99,-93.59,US,24,11.99,27
385,Dedovichi,57.55,30.27,29.95,RU,0,6.08,98
386,Sola,-13.88,84.2,167.55,VU,75,12.59,83
387,Departamento de Maldonado,-34.67,66.2,-54.92,UY,20,20.8,55
388,Souillac,-20.52,73.4,57.52,MU,75,16.11,83
389,Matveyevka,52.15,33.8,56.18,RU,47,2.24,74
390,Ocós,14.51,93.2,-92.19,GT,40,12.75,46
391,Yagodnoye,62.55,24.19,149.67,RU,43,1.23,90
392,Sokoto,13.06,88.02,5.24,NG,47,5.95,38
393,Pontianak,-0.03,74.43,109.33,ID,30,2.68,94
394,Bilibino,68.05,20.84,166.44,RU,83,3.36,89
395,Flinders,-34.58,59.0,150.86,AU,61,5.99,79
396,Lumberton,34.62,80.6,-79.01,US,75,20.8,53
397,Songjianghe,42.19,43.74,127.48,CN,83,6.22,58
398,Barabinsk,55.36,49.82,78.36,RU,65,8.68,74
399,Vila Franca do Campo,37.72,62.6,-25.43,PT,40,13.87,88
400,Bubaque,11.28,79.23,-15.83,GW,0,18.77,78
401,Camacha,33.08,62.6,-16.33,PT,20,5.82,82
402,Magistral'nyy,56.17,50.27,107.45,RU,100,5.91,69
403,Dhidhdhoo,6.88,85.14,73.1,MV,42,7.52,70
404,Kiryat Gat,31.61,61.0,34.76,IL,1,5.99,90
405,Jalalpur Pirwala,29.51,84.65,71.22,PK,25,4.85,34
406,Marabá,-5.37,87.8,-49.12,BR,20,3.36,62
407,Salalah,17.02,84.2,54.09,OM,40,5.82,83
408,Ust'-Donetskiy,47.64,49.57,40.87,RU,0,2.19,66
409,Meadow Lake,34.8,80.01,-106.54,US,1,5.82,16
410,Mariehamn,60.1,28.4,19.93,AX,0,3.36,92
411,Saint-Augustin,51.23,43.07,-58.65,CA,7,2.62,63
412,Narasannapeta,18.42,81.43,84.05,IN,1,7.85,87
413,Olafsvik,64.89,42.51,-23.71,IS,80,10.07,74
414,Birjand,32.87,66.2,59.22,IR,75,6.93,25
415,Katsuura,35.13,64.0,140.3,JP,20,8.05,72
416,Pangody,65.85,14.74,74.49,RU,100,18.21,94
417,Nísia Floresta,-6.09,78.8,-35.21,BR,75,9.17,88
418,Vwawa,-9.12,58.69,32.93,TZ,47,4.34,62
419,Lüderitz,-26.65,60.8,15.16,NA,0,2.24,82
420,Kruisfontein,-34.0,55.13,24.73,ZA,0,3.51,49
421,Port-Gentil,-0.72,82.4,8.78,GA,40,6.93,88
422,Kirakira,-10.45,84.88,161.92,SB,96,5.28,71
423,Jerez,14.1,93.2,-89.75,GT,40,6.11,44
424,Shenjiamen,29.96,63.54,122.3,CN,1,18.03,88
425,Koslan,63.46,33.39,48.9,RU,100,4.25,93
426,Klyuchevskiy,53.53,42.28,119.45,RU,47,3.06,45
427,Naze,28.37,60.8,129.48,JP,20,4.7,82
428,Winnemucca,40.97,87.8,-117.74,US,1,9.17,14
429,Torbay,47.67,34.0,-52.73,CA,75,24.16,74
430,Port Keats,-14.25,79.02,129.55,AU,5,2.95,71
431,Yumen,40.28,55.08,97.2,CN,0,0.65,16
432,Acajutla,13.59,93.2,-89.83,SV,40,8.3,44
433,Praia,14.92,82.4,-23.51,CV,40,18.34,54
434,Chilca,-12.52,69.8,-76.74,PE,0,9.17,77
435,Solnechnyy,50.72,51.21,136.63,RU,97,6.04,51
436,Chisec,15.82,96.3,-90.28,GT,28,3.31,34
437,Faanui,-16.48,82.09,-151.75,PF,100,2.68,70
438,Naryan-Mar,67.67,21.22,53.09,RU,98,14.67,97
439,Zyryanka,65.75,28.94,150.85,RU,96,6.13,96
440,Tortolì,39.93,62.6,9.66,IT,5,9.17,45
441,Rocha,-34.48,57.72,-54.33,UY,0,11.25,66
442,Sandwich,41.65,48.2,-88.62,US,90,17.22,87
443,Biltine,14.53,87.85,20.92,TD,6,9.89,10
444,Kaitangata,-46.28,48.99,169.85,NZ,79,10.0,69
445,Porto-Novo,6.5,80.6,2.6,BJ,20,5.82,88
446,Avera,33.19,78.8,-82.53,US,75,9.17,47
447,Nong’an,44.38,46.4,125.17,CN,99,6.71,81
448,Zarand,30.81,61.11,56.56,IR,65,7.47,33
449,Port Macquarie,-31.43,70.0,152.92,AU,83,1.01,81
450,Sirte,31.21,70.3,16.59,LY,2,23.4,60
451,Vilyuysk,63.76,27.5,121.62,RU,0,4.09,94
452,Uvarovka,55.53,32.65,35.61,RU,3,6.17,85
453,Orzesze,50.16,57.99,18.78,PL,99,5.46,83
454,Hualmay,-11.1,71.56,-77.61,PE,3,7.72,68
455,Erbil,36.19,64.4,44.01,IQ,94,4.7,52
456,Kovdor,67.57,22.95,30.48,RU,24,3.22,95
457,Philadelphia,39.95,61.0,-75.16,US,90,19.46,55
458,Izazi,-7.2,66.2,35.73,TZ,75,2.82,77
459,Salinas,36.68,64.4,-121.66,US,1,13.87,63
460,Kuching,1.55,77.0,110.33,MY,20,1.12,94
461,Taoudenni,22.68,92.59,-3.98,ML,42,11.36,13
462,Mānpur,22.43,84.61,75.62,IN,60,4.68,17
463,Kulhudhuffushi,6.62,84.9,73.07,MV,57,7.76,72
464,Riachão do Jacuípe,-11.81,71.29,-39.39,BR,43,7.31,80
465,Vygonichi,53.1,45.77,34.07,RU,99,2.95,85
466,Steamboat Springs,40.48,68.0,-106.83,US,1,5.82,18
467,Sarāhan,31.52,49.06,77.8,IN,60,5.46,28
468,Águilas,37.41,63.0,-1.58,ES,17,4.0,54
469,Richards Bay,-28.78,66.9,32.04,ZA,100,3.31,77
470,Stromness,58.97,44.01,-3.3,GB,6,11.41,81
471,Cabo San Lucas,22.89,91.4,-109.91,MX,5,10.29,22
472,Aktash,50.3,40.17,87.73,RU,75,2.84,48
473,Pochutla,15.74,93.2,-96.47,MX,75,11.41,46
474,Banda Aceh,5.56,80.49,95.32,ID,100,9.71,80
475,Krasnoarmiys'k,48.28,44.96,37.18,UA,0,7.18,60
476,Roswell,34.02,68.0,-84.36,US,90,8.05,93
477,Kiunga,-6.12,74.8,141.29,PG,100,1.25,97
478,Athens,37.98,66.99,23.72,GR,20,7.99,63
479,Mogok,22.92,60.37,96.5,MM,90,1.7,74
480,Pemba,-12.97,78.82,40.52,MZ,97,11.86,86
481,Vilcún,-38.65,60.8,-72.23,CL,75,5.82,67
482,Gizo Government Station,-8.1,84.49,156.84,SB,13,5.28,73
483,Ouésso,1.61,77.29,16.05,CG,35,2.46,62
484,La Romana,18.43,87.8,-68.97,DO,40,13.87,58
485,Shurugwi,-19.67,61.88,30.01,ZW,79,2.66,46
486,Kholtoson,50.3,51.82,103.31,RU,64,4.65,43
487,Aksay,47.26,51.01,39.87,RU,0,2.24,57
488,Shache,38.42,66.16,77.24,CN,49,3.22,15
489,Lafiagi,8.87,79.57,5.42,NG,78,5.7,75
490,Betanzos,43.28,55.0,-8.21,ES,100,8.05,87
491,Senhor do Bonfim,-10.46,68.79,-40.19,BR,94,6.78,74
492,Derzhavīnsk,51.1,43.77,66.32,KZ,18,14.76,64
493,Buy,58.48,35.13,41.53,RU,100,6.33,94
494,Port Hueneme,34.15,66.2,-119.2,US,90,14.99,77
495,Severo-Yeniseyskiy,60.37,43.23,93.04,RU,100,6.69,81
496,Waingapu,-9.66,75.45,120.26,ID,25,6.98,79
497,Vanimo,-2.67,79.93,141.3,PG,79,4.79,81
498,Verkhoyansk,67.54,21.06,133.38,RU,100,7.29,93
499,Ponta Delgada,37.73,62.6,-25.67,PT,40,13.87,88
500,Alto Araguaia,-17.31,70.09,-53.22,BR,19,4.85,61
501,Aswān,24.09,72.97,32.91,EG,0,11.68,21
502,Opuwo,-18.06,66.58,13.84,NA,0,3.58,35
503,Marawi,8.0,75.0,124.29,PH,78,7.0,86
504,Arrondissement de Beauvais,49.42,48.2,2.0,FR,90,5.82,93
505,Ţahţā,26.77,73.4,31.5,EG,0,8.05,27
506,Rondonópolis,-16.47,75.34,-54.64,BR,0,2.24,58
507,Trairi,-3.28,78.57,-39.27,BR,97,6.04,86
508,Sinnamary,5.38,77.09,-52.95,GF,100,11.48,90
509,Nome,64.5,27.0,-165.41,US,20,5.82,86
510,Kawalu,-7.38,72.36,108.21,ID,100,0.63,83
511,Östersund,63.18,35.6,14.64,SE,75,16.11,55
512,Jilib,0.49,79.16,42.79,SO,100,5.73,84
513,Buckingham,52.0,48.0,-0.99,GB,100,1.01,77
514,Tatarsk,55.22,50.11,75.98,RU,25,8.79,79
515,Tarakan,3.3,79.81,117.63,ID,63,3.98,80
516,Quatre Cocos,-20.21,75.99,57.76,MU,75,16.11,83
517,Patiya,22.29,72.01,91.98,BD,12,4.05,92
518,Reyes,-14.32,77.49,-67.38,BO,100,1.16,89
519,Beidao,34.57,56.82,105.89,CN,100,1.01,37
520,Waipawa,-41.41,60.01,175.52,NZ,10,21.92,72
521,Gáldar,28.15,66.2,-15.65,ES,20,17.22,63
522,Glyadyanskoye,54.91,41.49,65.09,RU,33,8.21,70
523,Tamandaré,-8.76,78.26,-35.1,BR,25,7.29,83
524,Øksfjord,70.24,26.6,22.35,NO,1,9.17,73
525,Broome,42.25,57.99,-75.83,US,75,24.16,62
526,Jacmel,18.23,89.6,-72.53,HT,40,10.29,55
527,Serrinha,-11.66,69.15,-39.01,BR,54,9.44,85
528,Lumby,50.25,61.0,-118.97,CA,100,3.53,64
529,Villarrobledo,39.27,54.0,-2.6,ES,41,5.99,71
530,Semnan,35.57,58.14,53.4,IR,100,11.63,41
531,Rangpur City,25.75,75.52,89.25,BD,0,5.37,70
532,Partizanskoye,55.5,58.6,94.39,RU,67,26.08,55
533,Chapais,49.78,51.8,-74.85,CA,75,18.34,29
534,Bonavista,48.65,34.0,-53.11,CA,81,11.01,83
535,Pontypool,51.7,48.99,-3.04,GB,86,4.0,91
536,Tabou,4.42,80.8,-7.35,CI,81,5.64,85
537,Dutlwe,-23.98,56.71,23.9,BW,0,7.7,23
538,Vila,42.03,57.99,-8.16,PT,75,14.99,82
539,Ostrovnoy,68.05,28.15,39.51,RU,100,12.08,97
540,Kitimat,54.05,55.0,-128.65,CA,100,2.17,71
541,Killybegs,54.63,39.99,-8.45,IE,38,4.61,91
542,Vila Velha,-20.33,73.4,-40.29,BR,75,4.7,83
543,Kloulklubed,7.04,77.0,134.26,PW,90,6.93,94
544,Seminole,28.71,87.01,-81.21,US,1,18.34,51
545,Bereda,43.27,55.0,-7.54,ES,100,15.99,95
546,Biak,-0.91,78.1,122.88,ID,96,3.8,76
547,Grand Gaube,-20.01,75.99,57.66,MU,18,8.99,72
548,Guerrero Negro,27.98,72.27,-114.06,MX,2,14.9,50
549,Sur,22.57,88.18,59.53,OM,24,6.04,49
550,Temba,-25.38,54.0,28.26,ZA,0,1.12,100
551,Tiarei,-17.53,86.0,-149.33,PF,76,11.41,79
552,Barstow,34.9,96.8,-117.02,US,1,10.96,15
553,Koshurnikovo,54.17,55.06,93.3,RU,100,8.61,65
554,Liuhe,42.24,46.98,125.72,CN,100,9.89,60
555,Payo,-3.75,73.4,103.64,ID,99,0.94,94
556,Mitsamiouli,-11.38,82.47,43.28,KM,100,9.66,74
557,Bismil,37.85,51.8,40.67,TR,0,0.22,87
558,Saint-Leu,-21.15,73.4,55.28,RE,90,5.82,68
559,Hai’an,32.54,68.0,120.45,CN,62,1.01,89
560,Vangaindrano,-23.35,71.82,47.6,MG,89,6.49,88
561,Conakry,9.54,84.2,-13.68,GN,40,11.41,79
562,Tyshkivka,48.5,49.33,30.94,UA,0,12.44,77
563,Bulgan,48.81,55.78,103.53,MN,16,3.78,36
564,Mbandaka,0.05,76.53,18.26,CD,52,3.24,70
565,Singkang,2.1,78.8,102.8,MY,20,2.24,88
566,Birin,26.89,57.83,88.07,NP,32,4.38,46
567,Gladstone,-23.85,68.0,151.25,AU,34,5.82,88
568,Cairns,-16.92,71.6,145.77,AU,7,5.82,83
569,Mangaratiba,-22.96,77.0,-44.04,BR,0,5.82,69
570,Ifo,6.81,80.78,3.2,NG,37,6.55,80
571,Tshikapa,-6.42,73.17,20.8,CD,10,1.41,74
